{
    "GPT": {
        "accuracy": {
            "mean": [
                0.5189544024661628,
                0.5790216041405308,
                0.5945622540088804,
                0.6117175092092351
            ],
            "std": [
                0.05742449193519397,
                0.054223774033658904,
                0.03421772977201116,
                0.045642780946443785
            ]
        },
        "expl_accuracy": {
            "mean": [
                0.14933520721841262,
                0.27355878598432154,
                0.32078120141400585,
                0.39762276402140645
            ],
            "std": [
                0.027287362608300045,
                0.05040288329572566,
                0.046910048157909175,
                0.04572703261124072
            ]
        },
        "expl_accuracy_correct": {
            "mean": [
                0.22723513328776485,
                0.38344653655162536,
                0.42788495120698505,
                0.5273048950354499
            ],
            "std": [
                0.020113797927939967,
                0.07192389823491102,
                0.051927640957898286,
                0.06407498725595338
            ]
        },
        "expl_accuracy_wrong": {
            "mean": [
                0.0778855876176402,
                0.14187721243241141,
                0.1829065172884022,
                0.21244000569581964
            ],
            "std": [
                0.0350201930783429,
                0.04769660167846461,
                0.04475779242556313,
                0.02396969873117541
            ]
        }
    },
    "rules": {
        "accuracy": {
            "mean": [
                0.4329287784130907,
                0.45062879165169445,
                0.4459776288609968,
                0.4586616822272795
            ],
            "std": [
                0.08876890369233163,
                0.09658735326306797,
                0.09232397690238825,
                0.0952225949429109
            ]
        },
        "expl_accuracy": {
            "mean": [
                0.09305182778805188,
                0.15503364537474976,
                0.17689134194174863,
                0.20528966799229717
            ],
            "std": [
                0.03382545258197901,
                0.07387648903470846,
                0.08716013130509752,
                0.09609463513291938
            ]
        },
        "expl_accuracy_correct": {
            "mean": [
                0.18951545530492897,
                0.2904898667193641,
                0.3387960096319229,
                0.4055527115661494
            ],
            "std": [
                0.05756347804602927,
                0.11617952737700776,
                0.1382223002382406,
                0.13796943770955986
            ]
        },
        "expl_accuracy_wrong": {
            "mean": [
                0.03343289761637192,
                0.06429681530787582,
                0.06531469286065665,
                0.06273872944403225
            ],
            "std": [
                0.03280230325738704,
                0.039614431299793106,
                0.04548594937065664,
                0.048640235409230195
            ]
        }
    },
    "ours_with_no_concepts": {},
    "ours_with_gpt": {
        "accuracy": {
            "mean": [
                0.5143828394073309,
                0.6175730487243659,
                0.6665842090774794,
                0.7090233482740433
            ],
            "std": [
                0.05942172386731872,
                0.05217485876717283,
                0.07737824232723403,
                0.04219001544557848
            ]
        },
        "expl_accuracy": {
            "mean": [
                0.39601629195177585,
                0.41882567611599864,
                0.5138253502769632,
                0.5573561420658194
            ],
            "std": [
                0.0728268537088301,
                0.1466658411012125,
                0.10327091810097948,
                0.06087176460452622
            ]
        },
        "expl_accuracy_correct": {
            "mean": [
                0.6139525283797729,
                0.620141038871689,
                0.6335428725265849,
                0.7360935441370224
            ],
            "std": [
                0.11349842010865213,
                0.1683368379693825,
                0.1452742791497309,
                0.10077905676010737
            ]
        },
        "expl_accuracy_wrong": {
            "mean": [
                0.13428571428571429,
                0.14328449328449328,
                0.22954983612878346,
                0.09595959595959595
            ],
            "std": [
                0.08741176309016202,
                0.10698674398052933,
                0.08562250592248935,
                0.08875104095551027
            ]
        }
    },
    "ours_with_model": {},
    "ours_with_user": {
        "accuracy": {
            "mean": [
                0.6339287342844114,
                0.7828407942321716,
                0.8296411918105576,
                0.8924684112204522
            ],
            "std": [
                0.034610489988702066,
                0.04900080417231594,
                0.04074288343573089,
                0.04972551497996477
            ]
        },
        "expl_accuracy": {
            "mean": [
                0.7408406647116325,
                0.8195646790485499,
                0.7890022808732485,
                0.8832355816226783
            ],
            "std": [
                0.08444648927463087,
                0.06661474004980757,
                0.09384402422667465,
                0.07854038197882295
            ]
        },
        "expl_accuracy_correct": {
            "mean": [
                0.8880068418741187,
                0.9205511010728402,
                0.8957888198757763,
                0.9434307151979565
            ],
            "std": [
                0.07676139444690207,
                0.05177325089228063,
                0.06233055144018745,
                0.05937265728176037
            ]
        },
        "expl_accuracy_wrong": {
            "mean": [
                0.45093788564376797,
                0.2688111888111888,
                0.26666666666666666,
                0.30666666666666664
            ],
            "std": [
                0.15099635296397354,
                0.2442686872067499,
                0.14092945437739804,
                0.19020456823582807
            ]
        }
    }
}